{
  "description": "项目配置文件。",
  "packOptions": {
    "ignore": []
  },
  "setting": {
    "urlCheck": false,
    "es6": true,
    "postcss": true,
    "minified": true,
    "newFeature": true,
    "coverView": true,
    "autoAudits": false,
    "uglifyFileName": true,
    "checkInvalidKey": true,
    "checkSiteMap": true,
    "uploadWithSourceMap": true,
    "babelSetting": {
      "ignore": [],
      "disablePlugins": [],
      "outputPath": ""
    },
    "useMultiFrameRuntime": false,
    "useApiHook": true
  },
  "compileType": "miniprogram",
  "libVersion": "2.2.5",
  "appid": "wx4f50be23ee1942a5",
  "projectname": "AI%20Login",
  "isGameTourist": false,
  "cloudfunctionRoot": "cloud/functions/",
  "simulatorType": "wechat",
  "simulatorPluginLibVersion": {},
  "condition": {
    "search": {
      "list": []
    },
    "conversation": {
      "list": []
    },
    "plugin": {
      "list": []
    },
    "game": {
      "currentL": -1,
      "list": []
    },
    "miniprogram": {
      "list": [
        {
          "id": -1,
          "name": "评论",
          "pathName": "pages/review/review",
          "query": ""
        },
        {
          "id": 1,
          "name": "编辑",
          "pathName": "pages/detail/detail",
          "query": "url=https://tcb-def7de.tcb.qcloud.la/1531733018488-1224544.png"
        },
        {
          "id": 2,
          "name": "信息详情页",
          "pathName": "pages/photos/photos",
          "query": "id=0"
        },
        {
          "id": -1,
          "name": "上传图片",
          "pathName": "pages/photos/add",
          "query": ""
        }
      ]
    }
  }
}