{
  "description": "项目配置文件。",
  "packOptions": {
    "ignore": []
  },
  "setting": {
    "urlCheck": false,
    "es6": true,
    "enhance": false,
    "postcss": true,
    "preloadBackgroundData": false,
    "minified": true,
    "newFeature": true,
    "coverView": true,
    "nodeModules": false,
    "autoAudits": false,
    "showShadowRootInWxmlPanel": true,
    "scopeDataCheck": false,
    "uglifyFileName": false,
    "checkInvalidKey": true,
    "checkSiteMap": true,
    "uploadWithSourceMap": true,
    "compileHotReLoad": false,
    "useMultiFrameRuntime": false,
    "useApiHook": true,
    "babelSetting": {
      "ignore": [],
      "disablePlugins": [],
      "outputPath": ""
    },
    "enableEngineNative": false,
    "useIsolateContext": true,
    "useCompilerModule": true,
    "userConfirmedUseCompilerModuleSwitch": false,
    "packNpmManually": false,
    "packNpmRelationList": [],
    "minifyWXSS": true
  },
  "compileType": "miniprogram",
  "libVersion": "2.2.5",
  "appid": "wx07a780658dc1b4d3",
  "projectname": "AI%20Login",
  "isGameTourist": false,
  "cloudfunctionRoot": "cloud/functions/",
  "simulatorType": "wechat",
  "simulatorPluginLibVersion": {},
  "condition": {
    "search": {
      "list": []
    },
    "conversation": {
      "list": []
    },
    "plugin": {
      "list": []
    },
    "game": {
      "currentL": -1,
      "list": []
    },
    "miniprogram": {
      "list": [
        {
          "id": -1,
          "name": "评论",
          "pathName": "pages/review/review",
          "query": ""
        },
        {
          "id": 1,
          "name": "编辑",
          "pathName": "pages/detail/detail",
          "query": "url=https://tcb-def7de.tcb.qcloud.la/1531733018488-1224544.png"
        },
        {
          "id": 2,
          "name": "信息详情页",
          "pathName": "pages/photos/photos",
          "query": "id=0"
        },
        {
          "id": -1,
          "name": "上传图片",
          "pathName": "pages/photos/add",
          "query": ""
        }
      ]
    }
  }
}